seq,phi,psi,chain,protein_id
DAYAQWL,360.0,129.2,A,2JOF
DAYAQWL,360.0,132.8,A,2JOF
DAYAQWL,360.0,141.6,A,2JOF
DAYAQWL,360.0,78.4,A,2JOF
DAYAQWL,360.0,158.8,A,2JOF
DAYAQWL,360.0,-92.9,A,2JOF
DAYAQWL,360.0,30.7,A,2JOF
DAYAQWL,360.0,33.3,A,2JOF
DAYAQWL,360.0,124.6,A,2JOF
DAYAQWL,360.0,140.9,A,2JOF
DAYAQWL,360.0,17.6,A,2JOF
DAYAQWL,360.0,110.4,A,2JOF
DAYAQWL,360.0,137.1,A,2JOF
DAYAQWL,360.0,169.5,A,2JOF
DAYAQWL,360.0,-75.2,A,2JOF
DAYAQWL,360.0,152.8,A,2JOF
DAYAQWL,360.0,148.8,A,2JOF
DAYAQWL,360.0,134.9,A,2JOF
DAYAQWL,360.0,-88.2,A,2JOF
DAYAQWL,360.0,-92.4,A,2JOF
DAYAQWL,360.0,137.2,A,2JOF
DAYAQWL,360.0,152.7,A,2JOF
DAYAQWL,360.0,137.9,A,2JOF
DAYAQWL,360.0,-88.8,A,2JOF
DAYAQWL,360.0,-68.8,A,2JOF
DAYAQWL,360.0,-97.9,A,2JOF
DAYAQWL,360.0,115.2,A,2JOF
DAYAQWL,360.0,174.0,A,2JOF
DAYAQWL,-73.9,-5.3,A,2LL5
DAYAQWL,-70.6,-10.9,A,2LL5
DAYAQWL,-164.7,-69.9,A,2LL5
DAYAQWL,-65.3,-32.2,A,2LL5
DAYAQWL,-69.2,-18.3,A,2LL5
DAYAQWL,-67.2,-15.1,A,2LL5
DAYAQWL,-69.6,-20.5,A,2LL5
DAYAQWL,-74.6,-3.6,A,2LL5
DAYAQWL,-66.9,-15.7,A,2LL5
DAYAQWL,-56.3,-37.6,A,2LL5
DAYAQWL,-73.7,-5.6,A,2LL5
DAYAQWL,-66.9,-22.5,A,2LL5
DAYAQWL,-65.2,-20.9,A,2LL5
DAYAQWL,-67.4,-22.5,A,2LL5
DAYAQWL,-69.2,-12.9,A,2LL5
DAYAQWL,-58.9,-32.3,A,2LL5
DAYAQWL,-82.3,1.3,A,2LL5
DAYAQWL,-67.8,-14.2,A,2LL5
DAYAQWL,-176.2,-61.4,A,2LL5
DAYAQWL,-177.1,-60.9,A,2LL5
DAYAQWL,-68.5,-22.9,A,2LL5
DAYAQWL,-64.2,-38.7,A,2LL5
DAYAQWL,-60.4,-40.0,A,2LL5
DAYAQWL,-64.5,-23.4,A,2LL5
DAYAQWL,-74.3,-5.3,A,2LL5
DAYAQWL,-62.5,-32.6,A,2LL5
DAYAQWL,-59.1,-32.3,A,2LL5
DAYAQWL,-65.4,-29.8,A,2LL5
DAYAQWL,-70.3,-17.0,A,2LL5
DAYAQWL,-67.7,-13.5,A,2LL5
DAYAQWL,-62.4,-26.3,A,2LL5
DAYAQWL,-64.5,-30.2,A,2LL5
DAYAQWL,-69.6,-10.9,A,2LL5
DAYAQWL,360.0,-42.0,A,2M7D
DAYAQWL,360.0,114.1,A,2M7D
DAYAQWL,360.0,144.0,A,2M7D
DAYAQWL,360.0,107.3,A,2M7D
DAYAQWL,360.0,-52.4,A,2M7D
DAYAQWL,360.0,148.3,A,2M7D
DAYAQWL,360.0,-58.0,A,2M7D
DAYAQWL,360.0,106.6,A,2M7D
DAYAQWL,360.0,111.6,A,2M7D
DAYAQWL,360.0,149.2,A,2M7D
DAYAQWL,360.0,-45.9,A,2M7D
DAYAQWL,360.0,-58.1,A,2M7D
DAYAQWL,360.0,140.3,A,2M7D
DAYAQWL,360.0,-56.2,A,2M7D
DAYAQWL,360.0,87.5,A,2M7D
DAYAQWL,360.0,116.2,A,2M7D
DAYAQWL,360.0,149.6,A,2M7D
DAYAQWL,360.0,-62.6,A,2M7D
DAYAQWL,360.0,101.9,A,2M7D
DAYAQWL,360.0,-62.5,A,2M7D
DAYAQWL,360.0,102.7,A,2M7D
DAYAQWL,360.0,-60.6,A,2M7D
DAYAQWL,360.0,153.4,A,2M7D
DAYAQWL,360.0,128.8,A,2M7D
DAYAQWL,360.0,-42.9,A,2M7D
DAYAQWL,360.0,82.6,A,2M7D
DAYAQWL,360.0,-62.0,A,2M7D
DAYAQWL,360.0,155.7,A,2M7D
DAYAQWL,360.0,88.9,A,2M7D
DAYAQWL,360.0,100.7,A,2M7D
DAYAQWL,-67.5,-44.5,A,3UC7
DAYAQWL,-71.6,-46.8,B,3UC7
DAYAQWL,-71.5,-38.5,C,3UC7
DAYAQWL,-76.4,-43.1,D,3UC7
DAYAQWL,-71.0,-41.7,E,3UC7
DAYAQWL,-65.7,-43.8,F,3UC7
DAYAQWL,-63.5,-45.1,A,3UC8
DAYAQWL,-66.8,-45.0,B,3UC8
DAYAQWL,-73.2,-37.6,C,3UC8
AYAQWLA,-59.2,-32.4,A,2LL5
AYAQWLA,-51.8,-34.8,A,2LL5
AYAQWLA,-60.6,-28.2,A,2LL5
AYAQWLA,-56.3,-38.2,A,2LL5
AYAQWLA,-54.7,-34.9,A,2LL5
AYAQWLA,-55.5,-32.8,A,2LL5
AYAQWLA,-56.6,-36.8,A,2LL5
AYAQWLA,-58.7,-32.5,A,2LL5
AYAQWLA,-55.4,-34.2,A,2LL5
AYAQWLA,-58.4,-36.9,A,2LL5
AYAQWLA,-55.5,-32.4,A,2LL5
AYAQWLA,-53.8,-39.2,A,2LL5
AYAQWLA,-56.1,-32.4,A,2LL5
AYAQWLA,-56.9,-36.1,A,2LL5
AYAQWLA,-56.8,-32.8,A,2LL5
AYAQWLA,-58.4,-34.3,A,2LL5
AYAQWLA,-69.9,-32.9,A,2LL5
AYAQWLA,-55.6,-32.9,A,2LL5
AYAQWLA,-64.1,-30.4,A,2LL5
AYAQWLA,-61.0,-31.4,A,2LL5
AYAQWLA,-57.0,-35.6,A,2LL5
AYAQWLA,-60.1,-32.7,A,2LL5
AYAQWLA,-62.3,-37.5,A,2LL5
AYAQWLA,-53.0,-37.7,A,2LL5
AYAQWLA,-56.6,-33.2,A,2LL5
AYAQWLA,-58.6,-30.2,A,2LL5
AYAQWLA,-56.9,-37.7,A,2LL5
AYAQWLA,-53.5,-38.4,A,2LL5
AYAQWLA,-57.7,-35.4,A,2LL5
AYAQWLA,-55.3,-33.7,A,2LL5
AYAQWLA,-57.1,-33.4,A,2LL5
AYAQWLA,-57.7,-38.7,A,2LL5
AYAQWLA,-56.0,-31.9,A,2LL5
AYAQWLA,-67.5,-29.7,A,2M7C
AYAQWLA,-69.3,-29.6,A,2M7C
AYAQWLA,-71.2,-29.2,A,2M7C
AYAQWLA,-68.9,-29.4,A,2M7C
AYAQWLA,-68.9,-29.2,A,2M7C
AYAQWLA,-68.2,-29.4,A,2M7C
AYAQWLA,-64.9,-29.9,A,2M7C
AYAQWLA,-67.9,-29.3,A,2M7C
AYAQWLA,-66.9,-30.3,A,2M7C
AYAQWLA,-67.8,-30.6,A,2M7C
AYAQWLA,-68.9,-29.1,A,2M7C
AYAQWLA,-66.5,-29.7,A,2M7C
AYAQWLA,-68.0,-30.5,A,2M7C
AYAQWLA,-70.0,-30.7,A,2M7C
AYAQWLA,-65.0,-30.2,A,2M7C
AYAQWLA,-68.6,-30.0,A,2M7C
AYAQWLA,-67.3,-30.0,A,2M7C
AYAQWLA,-68.8,-29.5,A,2M7C
AYAQWLA,-67.5,-30.3,A,2M7C
AYAQWLA,-68.1,-29.2,A,2M7C
AYAQWLA,-65.2,-31.0,A,2M7C
AYAQWLA,-67.6,-30.5,A,2M7C
AYAQWLA,-67.3,-30.6,A,2M7C
AYAQWLA,-64.6,-29.5,A,2M7C
AYAQWLA,-66.2,-29.6,A,2M7C
AYAQWLA,-65.2,-30.9,A,2M7C
AYAQWLA,-66.8,-31.0,A,2M7C
AYAQWLA,-67.1,-29.4,A,2M7C
AYAQWLA,-69.9,-29.0,A,2M7C
AYAQWLA,-66.8,-32.2,A,2M7C
AYAQWLA,-66.8,-30.7,A,2M7C
AYAQWLA,-66.9,-29.8,A,2M7C
AYAQWLA,-137.8,-69.4,A,2M7D
AYAQWLA,-127.8,9.7,A,2M7D
AYAQWLA,-128.6,-53.7,A,2M7D
AYAQWLA,70.8,-74.6,A,2M7D
AYAQWLA,-64.9,-37.7,A,2M7D
AYAQWLA,-114.3,-0.5,A,2M7D
AYAQWLA,73.9,-69.9,A,2M7D
AYAQWLA,-141.9,-64.9,A,2M7D
AYAQWLA,-127.2,-64.8,A,2M7D
AYAQWLA,-124.0,31.1,A,2M7D
AYAQWLA,-120.1,-65.8,A,2M7D
AYAQWLA,-68.9,-36.8,A,2M7D
AYAQWLA,-124.6,-62.5,A,2M7D
AYAQWLA,-122.9,-67.8,A,2M7D
AYAQWLA,-157.8,-67.9,A,2M7D
AYAQWLA,-72.6,-40.7,A,2M7D
AYAQWLA,-100.1,-5.7,A,2M7D
AYAQWLA,-152.7,-66.4,A,2M7D
AYAQWLA,-131.2,-68.8,A,2M7D
AYAQWLA,-107.7,-40.5,A,2M7D
AYAQWLA,-148.7,-67.4,A,2M7D
AYAQWLA,-91.0,-19.7,A,2M7D
AYAQWLA,-109.0,9.1,A,2M7D
AYAQWLA,-107.4,-19.2,A,2M7D
AYAQWLA,74.3,-72.8,A,2M7D
AYAQWLA,-114.7,-32.9,A,2M7D
AYAQWLA,-79.1,-45.0,A,2M7D
AYAQWLA,-97.9,4.6,A,2M7D
AYAQWLA,67.8,-75.1,A,2M7D
AYAQWLA,69.0,-75.9,A,2M7D
AYAQWLA,-66.4,-39.4,A,3UC7
AYAQWLA,-57.0,-39.4,B,3UC7
AYAQWLA,-62.3,-43.0,C,3UC7
AYAQWLA,-60.0,-41.1,D,3UC7
AYAQWLA,-60.0,-37.9,E,3UC7
AYAQWLA,-64.7,-35.1,F,3UC7
AYAQWLA,-63.5,-42.1,A,3UC8
AYAQWLA,-56.6,-38.9,B,3UC8
AYAQWLA,-59.8,-41.8,C,3UC8
AYAQWLA,360.0,-50.3,A,6D37
AYAQWLA,360.0,-65.4,A,6D37
AYAQWLA,360.0,-68.5,A,6D37
AYAQWLA,360.0,-49.0,A,6D37
AYAQWLA,360.0,-49.1,A,6D37
AYAQWLA,360.0,-52.6,A,6D37
AYAQWLA,360.0,-50.4,A,6D37
AYAQWLA,360.0,-49.2,A,6D37
AYAQWLA,360.0,-52.3,A,6D37
AYAQWLA,360.0,-63.2,A,6D37
AYAQWLA,360.0,-69.4,A,6D37
AYAQWLA,360.0,-52.9,A,6D37
AYAQWLA,360.0,-46.5,A,6D37
AYAQWLA,360.0,-66.5,A,6D37
AYAQWLA,360.0,-50.6,A,6D37
AYAQWLA,360.0,-59.2,A,6D37
AYAQWLA,360.0,-64.2,A,6D37
AYAQWLA,360.0,-67.9,A,6D37
AYAQWLA,360.0,-66.3,A,6D37
AYAQWLA,360.0,-52.6,A,6D37
AYAQWLA,360.0,-63.9,A,6D37
AYAQWLA,360.0,-67.7,A,6D37
AYAQWLA,360.0,-52.8,A,6D37
AYAQWLA,360.0,-54.7,A,6D37
AYAQWLA,360.0,-59.8,A,6D37
AYAQWLA,360.0,-51.4,A,6D37
AYAQWLA,360.0,-68.8,A,6D37
AYAQWLA,360.0,-69.0,A,6D37
AYAQWLA,360.0,-58.8,A,6D37
AYAQWLA,360.0,-49.7,A,6D37
AYAQWLA,360.0,-49.0,A,6D37
AYAQWLA,360.0,-62.6,A,6D37
YAQWLAD,-60.8,-38.5,A,2LL5
YAQWLAD,-59.9,-38.3,A,2LL5
YAQWLAD,-61.4,-35.6,A,2LL5
YAQWLAD,-64.9,-34.9,A,2LL5
YAQWLAD,-61.2,-39.0,A,2LL5
YAQWLAD,-59.8,-39.1,A,2LL5
YAQWLAD,-61.9,-34.9,A,2LL5
YAQWLAD,-59.9,-38.0,A,2LL5
YAQWLAD,-59.9,-36.7,A,2LL5
YAQWLAD,-61.1,-37.1,A,2LL5
YAQWLAD,-59.4,-38.0,A,2LL5
YAQWLAD,-71.1,-37.6,A,2LL5
YAQWLAD,-58.5,-37.1,A,2LL5
YAQWLAD,-63.3,-38.9,A,2LL5
YAQWLAD,-60.7,-38.2,A,2LL5
YAQWLAD,-59.0,-36.4,A,2LL5
YAQWLAD,-60.2,-35.3,A,2LL5
YAQWLAD,-59.2,-39.4,A,2LL5
YAQWLAD,-63.9,-36.3,A,2LL5
YAQWLAD,-61.5,-35.6,A,2LL5
YAQWLAD,-64.0,-36.6,A,2LL5
YAQWLAD,-61.0,-33.3,A,2LL5
YAQWLAD,-64.5,-33.9,A,2LL5
YAQWLAD,-63.4,-38.1,A,2LL5
YAQWLAD,-60.1,-39.3,A,2LL5
YAQWLAD,-58.3,-39.3,A,2LL5
YAQWLAD,-71.2,-32.2,A,2LL5
YAQWLAD,-65.4,-36.3,A,2LL5
YAQWLAD,-61.3,-36.4,A,2LL5
YAQWLAD,-60.1,-37.9,A,2LL5
YAQWLAD,-60.2,-37.9,A,2LL5
YAQWLAD,-69.1,-38.1,A,2LL5
YAQWLAD,-58.0,-37.1,A,2LL5
YAQWLAD,-60.1,-33.1,A,2M7C
YAQWLAD,-61.2,-32.8,A,2M7C
YAQWLAD,-64.5,-34.5,A,2M7C
YAQWLAD,-60.7,-32.3,A,2M7C
YAQWLAD,-61.0,-33.0,A,2M7C
YAQWLAD,-60.4,-33.0,A,2M7C
YAQWLAD,-59.9,-32.9,A,2M7C
YAQWLAD,-60.9,-33.2,A,2M7C
YAQWLAD,-60.2,-35.0,A,2M7C
YAQWLAD,-60.3,-32.8,A,2M7C
YAQWLAD,-61.6,-32.7,A,2M7C
YAQWLAD,-60.3,-32.4,A,2M7C
YAQWLAD,-60.5,-33.8,A,2M7C
YAQWLAD,-60.9,-33.0,A,2M7C
YAQWLAD,-60.4,-33.5,A,2M7C
YAQWLAD,-60.2,-33.5,A,2M7C
YAQWLAD,-60.2,-33.2,A,2M7C
YAQWLAD,-60.5,-32.9,A,2M7C
YAQWLAD,-59.7,-33.1,A,2M7C
YAQWLAD,-60.7,-33.3,A,2M7C
YAQWLAD,-60.2,-34.0,A,2M7C
YAQWLAD,-61.1,-33.0,A,2M7C
YAQWLAD,-60.8,-33.2,A,2M7C
YAQWLAD,-60.4,-33.0,A,2M7C
YAQWLAD,-59.8,-32.9,A,2M7C
YAQWLAD,-60.0,-32.9,A,2M7C
YAQWLAD,-59.5,-32.5,A,2M7C
YAQWLAD,-59.8,-31.5,A,2M7C
YAQWLAD,-61.6,-32.2,A,2M7C
YAQWLAD,-60.7,-31.3,A,2M7C
YAQWLAD,-59.6,-31.9,A,2M7C
YAQWLAD,-59.0,-32.8,A,2M7C
YAQWLAD,-69.3,-51.3,A,2M7D
YAQWLAD,-70.7,-54.2,A,2M7D
YAQWLAD,-63.2,-47.3,A,2M7D
YAQWLAD,-68.5,-52.3,A,2M7D
YAQWLAD,-61.5,-45.9,A,2M7D
YAQWLAD,-67.5,-52.2,A,2M7D
YAQWLAD,-66.8,-49.6,A,2M7D
YAQWLAD,-67.3,-50.4,A,2M7D
YAQWLAD,-66.6,-50.7,A,2M7D
YAQWLAD,-70.3,-54.3,A,2M7D
YAQWLAD,-67.1,-49.8,A,2M7D
YAQWLAD,-62.0,-46.6,A,2M7D
YAQWLAD,-66.6,-50.5,A,2M7D
YAQWLAD,-68.6,-51.3,A,2M7D
YAQWLAD,-67.4,-50.6,A,2M7D
YAQWLAD,-62.0,-46.6,A,2M7D
YAQWLAD,-66.6,-50.3,A,2M7D
YAQWLAD,-67.6,-50.4,A,2M7D
YAQWLAD,-68.5,-51.3,A,2M7D
YAQWLAD,-61.4,-46.1,A,2M7D
YAQWLAD,-67.7,-51.2,A,2M7D
YAQWLAD,-63.3,-47.8,A,2M7D
YAQWLAD,-69.8,-53.3,A,2M7D
YAQWLAD,-63.9,-48.5,A,2M7D
YAQWLAD,-69.0,-52.6,A,2M7D
YAQWLAD,-61.8,-46.9,A,2M7D
YAQWLAD,-61.3,-46.9,A,2M7D
YAQWLAD,-68.6,-52.1,A,2M7D
YAQWLAD,-67.8,-50.4,A,2M7D
YAQWLAD,-68.6,-51.6,A,2M7D
YAQWLAD,-59.3,-43.8,A,3UC7
YAQWLAD,-67.9,-35.1,B,3UC7
YAQWLAD,-63.8,-38.5,C,3UC7
YAQWLAD,-61.6,-42.3,D,3UC7
YAQWLAD,-65.3,-36.9,E,3UC7
YAQWLAD,-66.9,-38.0,F,3UC7
YAQWLAD,-62.0,-41.8,A,3UC8
YAQWLAD,-65.7,-37.3,B,3UC8
YAQWLAD,-63.8,-38.1,C,3UC8
YAQWLAD,-66.8,-41.6,A,6D37
YAQWLAD,-64.4,-39.4,A,6D37
YAQWLAD,-64.3,-40.2,A,6D37
YAQWLAD,-66.5,-41.2,A,6D37
YAQWLAD,-63.8,-41.4,A,6D37
YAQWLAD,-65.4,-40.6,A,6D37
YAQWLAD,-64.6,-40.2,A,6D37
YAQWLAD,-64.3,-40.0,A,6D37
YAQWLAD,-64.5,-39.9,A,6D37
YAQWLAD,-61.7,-40.4,A,6D37
YAQWLAD,-68.6,-41.8,A,6D37
YAQWLAD,-64.5,-39.0,A,6D37
YAQWLAD,-62.8,-40.9,A,6D37
YAQWLAD,-67.4,-41.2,A,6D37
YAQWLAD,-64.8,-40.0,A,6D37
YAQWLAD,-68.2,-41.9,A,6D37
YAQWLAD,-63.2,-41.0,A,6D37
YAQWLAD,-65.4,-40.7,A,6D37
YAQWLAD,-66.7,-42.2,A,6D37
YAQWLAD,-63.7,-40.2,A,6D37
YAQWLAD,-64.5,-40.5,A,6D37
YAQWLAD,-64.7,-40.4,A,6D37
YAQWLAD,-64.0,-40.3,A,6D37
YAQWLAD,-65.5,-39.9,A,6D37
YAQWLAD,-67.8,-40.5,A,6D37
YAQWLAD,-65.1,-40.5,A,6D37
YAQWLAD,-69.1,-40.7,A,6D37
YAQWLAD,-63.8,-40.9,A,6D37
YAQWLAD,-67.5,-40.1,A,6D37
YAQWLAD,-63.9,-41.1,A,6D37
YAQWLAD,-66.4,-40.4,A,6D37
YAQWLAD,-61.2,-40.7,A,6D37
AQWLADX,-70.0,-53.2,A,2M7C
AQWLADX,-69.5,-54.1,A,2M7C
AQWLADX,-66.9,-53.2,A,2M7C
AQWLADX,-71.8,-52.5,A,2M7C
AQWLADX,-71.2,-52.8,A,2M7C
AQWLADX,-70.9,-53.6,A,2M7C
AQWLADX,-69.0,-54.0,A,2M7C
AQWLADX,-69.0,-52.7,A,2M7C
AQWLADX,-69.9,-53.3,A,2M7C
AQWLADX,-69.9,-53.3,A,2M7C
AQWLADX,-71.3,-51.9,A,2M7C
AQWLADX,-70.3,-52.7,A,2M7C
AQWLADX,-70.9,-54.4,A,2M7C
AQWLADX,-69.8,-53.3,A,2M7C
AQWLADX,-66.7,-52.4,A,2M7C
AQWLADX,-70.7,-53.4,A,2M7C
AQWLADX,-68.1,-54.5,A,2M7C
AQWLADX,-71.4,-53.2,A,2M7C
AQWLADX,-71.5,-53.0,A,2M7C
AQWLADX,-69.8,-53.0,A,2M7C
AQWLADX,-67.3,-52.7,A,2M7C
AQWLADX,-70.9,-52.8,A,2M7C
AQWLADX,-69.8,-53.5,A,2M7C
AQWLADX,-68.2,-50.6,A,2M7C
AQWLADX,-69.9,-53.5,A,2M7C
AQWLADX,-66.1,-52.4,A,2M7C
AQWLADX,-67.3,-52.9,A,2M7C
AQWLADX,-67.9,-53.3,A,2M7C
AQWLADX,-69.6,-53.9,A,2M7C
AQWLADX,-71.5,-53.8,A,2M7C
AQWLADX,-71.1,-53.5,A,2M7C
AQWLADX,-69.3,-53.6,A,2M7C
AQWLADX,-65.0,-33.9,A,2M7D
AQWLADX,-62.4,-36.2,A,2M7D
AQWLADX,-67.5,-32.5,A,2M7D
AQWLADX,-64.2,-33.5,A,2M7D
AQWLADX,-68.2,-34.0,A,2M7D
AQWLADX,-63.7,-35.9,A,2M7D
AQWLADX,-66.4,-33.7,A,2M7D
AQWLADX,-66.5,-33.3,A,2M7D
AQWLADX,-65.7,-31.9,A,2M7D
AQWLADX,-62.9,-36.7,A,2M7D
AQWLADX,-66.2,-32.9,A,2M7D
AQWLADX,-67.5,-34.0,A,2M7D
AQWLADX,-65.8,-33.0,A,2M7D
AQWLADX,-64.9,-33.5,A,2M7D
AQWLADX,-65.8,-33.4,A,2M7D
AQWLADX,-67.3,-33.7,A,2M7D
AQWLADX,-64.9,-35.6,A,2M7D
AQWLADX,-65.9,-33.8,A,2M7D
AQWLADX,-65.1,-33.7,A,2M7D
AQWLADX,-68.3,-33.5,A,2M7D
AQWLADX,-65.3,-33.9,A,2M7D
AQWLADX,-66.7,-35.5,A,2M7D
AQWLADX,-63.1,-36.2,A,2M7D
AQWLADX,-66.4,-34.6,A,2M7D
AQWLADX,-65.2,-33.0,A,2M7D
AQWLADX,-67.2,-33.6,A,2M7D
AQWLADX,-66.8,-33.5,A,2M7D
AQWLADX,-63.5,-37.4,A,2M7D
AQWLADX,-65.4,-34.6,A,2M7D
AQWLADX,-65.4,-33.7,A,2M7D
AQWLADX,-60.3,-41.1,A,6D37
AQWLADX,-60.4,-42.0,A,6D37
AQWLADX,-61.0,-42.0,A,6D37
AQWLADX,-61.2,-41.2,A,6D37
AQWLADX,-61.1,-40.1,A,6D37
AQWLADX,-61.1,-40.5,A,6D37
AQWLADX,-60.8,-42.0,A,6D37
AQWLADX,-61.3,-41.4,A,6D37
AQWLADX,-61.7,-41.5,A,6D37
AQWLADX,-60.8,-41.7,A,6D37
AQWLADX,-61.5,-41.3,A,6D37
AQWLADX,-61.0,-42.2,A,6D37
AQWLADX,-59.7,-39.8,A,6D37
AQWLADX,-61.0,-41.1,A,6D37
AQWLADX,-61.7,-41.6,A,6D37
AQWLADX,-60.4,-41.9,A,6D37
AQWLADX,-60.9,-40.9,A,6D37
AQWLADX,-60.3,-41.4,A,6D37
AQWLADX,-60.6,-41.5,A,6D37
AQWLADX,-60.4,-40.6,A,6D37
AQWLADX,-61.5,-41.8,A,6D37
AQWLADX,-61.1,-41.5,A,6D37
AQWLADX,-60.7,-40.4,A,6D37
AQWLADX,-61.4,-41.3,A,6D37
AQWLADX,-59.8,-40.7,A,6D37
AQWLADX,-62.4,-42.1,A,6D37
AQWLADX,-61.1,-40.6,A,6D37
AQWLADX,-61.5,-40.9,A,6D37
AQWLADX,-61.0,-42.1,A,6D37
AQWLADX,-60.5,-39.9,A,6D37
AQWLADX,-61.6,-42.2,A,6D37
AQWLADX,-58.7,-40.4,A,6D37
QWLADXG,-60.3,-34.6,A,2M7C
QWLADXG,-59.8,-35.4,A,2M7C
QWLADXG,-60.6,-34.7,A,2M7C
QWLADXG,-61.3,-35.3,A,2M7C
QWLADXG,-61.2,-34.1,A,2M7C
QWLADXG,-60.5,-34.4,A,2M7C
QWLADXG,-59.4,-36.2,A,2M7C
QWLADXG,-60.4,-37.6,A,2M7C
QWLADXG,-59.8,-35.4,A,2M7C
QWLADXG,-60.3,-34.9,A,2M7C
QWLADXG,-61.0,-34.5,A,2M7C
QWLADXG,-60.5,-36.5,A,2M7C
QWLADXG,-59.6,-34.5,A,2M7C
QWLADXG,-59.7,-37.4,A,2M7C
QWLADXG,-59.9,-37.0,A,2M7C
QWLADXG,-60.3,-34.9,A,2M7C
QWLADXG,-58.9,-34.9,A,2M7C
QWLADXG,-60.6,-35.2,A,2M7C
QWLADXG,-61.0,-34.4,A,2M7C
QWLADXG,-60.7,-34.6,A,2M7C
QWLADXG,-59.8,-35.5,A,2M7C
QWLADXG,-60.7,-36.8,A,2M7C
QWLADXG,-59.7,-37.1,A,2M7C
QWLADXG,-62.3,-35.7,A,2M7C
QWLADXG,-60.3,-34.4,A,2M7C
QWLADXG,-59.9,-36.0,A,2M7C
QWLADXG,-60.6,-35.6,A,2M7C
QWLADXG,-60.0,-36.6,A,2M7C
QWLADXG,-59.8,-35.0,A,2M7C
QWLADXG,-60.0,-34.7,A,2M7C
QWLADXG,-60.4,-35.0,A,2M7C
QWLADXG,-59.7,-35.6,A,2M7C
QWLADXG,-68.3,-39.2,A,2M7D
QWLADXG,-66.8,-39.2,A,2M7D
QWLADXG,-70.4,-38.7,A,2M7D
QWLADXG,-69.0,-39.2,A,2M7D
QWLADXG,-69.9,-38.1,A,2M7D
QWLADXG,-68.1,-38.3,A,2M7D
QWLADXG,-69.0,-38.7,A,2M7D
QWLADXG,-69.2,-37.9,A,2M7D
QWLADXG,-70.4,-38.5,A,2M7D
QWLADXG,-66.5,-39.1,A,2M7D
QWLADXG,-69.9,-38.1,A,2M7D
QWLADXG,-69.6,-37.7,A,2M7D
QWLADXG,-69.7,-38.9,A,2M7D
QWLADXG,-69.3,-38.7,A,2M7D
QWLADXG,-69.6,-37.6,A,2M7D
QWLADXG,-69.6,-39.0,A,2M7D
QWLADXG,-68.3,-38.5,A,2M7D
QWLADXG,-69.1,-38.4,A,2M7D
QWLADXG,-68.8,-38.7,A,2M7D
QWLADXG,-70.1,-37.5,A,2M7D
QWLADXG,-69.3,-39.2,A,2M7D
QWLADXG,-68.7,-37.7,A,2M7D
QWLADXG,-67.3,-38.3,A,2M7D
QWLADXG,-69.2,-38.0,A,2M7D
QWLADXG,-69.3,-38.7,A,2M7D
QWLADXG,-70.7,-36.9,A,2M7D
QWLADXG,-70.7,-37.3,A,2M7D
QWLADXG,-65.9,-39.1,A,2M7D
QWLADXG,-68.5,-39.2,A,2M7D
QWLADXG,-69.1,-38.1,A,2M7D
QWLADXG,-64.9,-40.0,A,6D37
QWLADXG,-64.8,-37.4,A,6D37
QWLADXG,-64.7,-36.6,A,6D37
QWLADXG,-65.3,-37.5,A,6D37
QWLADXG,-64.1,-39.3,A,6D37
QWLADXG,-65.9,-38.0,A,6D37
QWLADXG,-64.2,-38.4,A,6D37
QWLADXG,-64.2,-38.0,A,6D37
QWLADXG,-65.0,-37.2,A,6D37
QWLADXG,-64.4,-38.5,A,6D37
QWLADXG,-64.6,-38.5,A,6D37
QWLADXG,-64.8,-37.0,A,6D37
QWLADXG,-65.0,-38.4,A,6D37
QWLADXG,-65.4,-37.9,A,6D37
QWLADXG,-63.7,-38.2,A,6D37
QWLADXG,-65.9,-38.3,A,6D37
QWLADXG,-64.2,-38.1,A,6D37
QWLADXG,-65.7,-38.2,A,6D37
QWLADXG,-64.7,-39.2,A,6D37
QWLADXG,-65.4,-38.9,A,6D37
QWLADXG,-65.0,-37.9,A,6D37
QWLADXG,-64.4,-38.6,A,6D37
QWLADXG,-64.8,-39.1,A,6D37
QWLADXG,-65.9,-38.3,A,6D37
QWLADXG,-65.9,-36.8,A,6D37
QWLADXG,-64.1,-37.7,A,6D37
QWLADXG,-67.4,-36.4,A,6D37
QWLADXG,-64.2,-36.2,A,6D37
QWLADXG,-64.6,-40.2,A,6D37
QWLADXG,-65.2,-37.8,A,6D37
QWLADXG,-65.7,-38.3,A,6D37
QWLADXG,-66.8,-37.7,A,6D37
WLADXGW,-57.2,-47.6,A,2M7C
WLADXGW,-57.9,-47.4,A,2M7C
WLADXGW,-56.6,-48.0,A,2M7C
WLADXGW,-55.4,-45.2,A,2M7C
WLADXGW,-57.5,-45.0,A,2M7C
WLADXGW,-57.2,-44.8,A,2M7C
WLADXGW,-54.8,-46.0,A,2M7C
WLADXGW,-55.2,-47.0,A,2M7C
WLADXGW,-55.9,-44.4,A,2M7C
WLADXGW,-57.7,-47.8,A,2M7C
WLADXGW,-57.1,-44.3,A,2M7C
WLADXGW,-54.5,-45.7,A,2M7C
WLADXGW,-57.2,-48.2,A,2M7C
WLADXGW,-55.4,-47.6,A,2M7C
WLADXGW,-55.1,-48.2,A,2M7C
WLADXGW,-56.8,-46.2,A,2M7C
WLADXGW,-56.9,-49.0,A,2M7C
WLADXGW,-55.9,-46.5,A,2M7C
WLADXGW,-56.9,-45.8,A,2M7C
WLADXGW,-57.6,-47.0,A,2M7C
WLADXGW,-56.7,-47.9,A,2M7C
WLADXGW,-56.5,-45.8,A,2M7C
WLADXGW,-55.6,-47.6,A,2M7C
WLADXGW,-55.9,-47.1,A,2M7C
WLADXGW,-56.9,-46.3,A,2M7C
WLADXGW,-56.0,-47.8,A,2M7C
WLADXGW,-56.1,-47.2,A,2M7C
WLADXGW,-55.1,-47.9,A,2M7C
WLADXGW,-57.5,-48.3,A,2M7C
WLADXGW,-56.9,-48.1,A,2M7C
WLADXGW,-56.7,-46.5,A,2M7C
WLADXGW,-55.2,-46.1,A,2M7C
WLADXGW,-60.7,-49.2,A,2M7D
WLADXGW,-60.1,-48.8,A,2M7D
WLADXGW,-60.0,-49.7,A,2M7D
WLADXGW,-60.9,-49.1,A,2M7D
WLADXGW,-60.7,-48.8,A,2M7D
WLADXGW,-60.4,-48.5,A,2M7D
WLADXGW,-60.5,-48.9,A,2M7D
WLADXGW,-61.6,-49.1,A,2M7D
WLADXGW,-61.3,-49.0,A,2M7D
WLADXGW,-59.5,-49.1,A,2M7D
WLADXGW,-60.9,-48.8,A,2M7D
WLADXGW,-61.2,-49.0,A,2M7D
WLADXGW,-60.1,-49.0,A,2M7D
WLADXGW,-61.0,-48.9,A,2M7D
WLADXGW,-61.7,-49.0,A,2M7D
WLADXGW,-60.0,-49.1,A,2M7D
WLADXGW,-59.9,-48.6,A,2M7D
WLADXGW,-60.8,-48.7,A,2M7D
WLADXGW,-60.8,-48.6,A,2M7D
WLADXGW,-61.7,-49.0,A,2M7D
WLADXGW,-59.9,-48.6,A,2M7D
WLADXGW,-60.9,-49.0,A,2M7D
WLADXGW,-61.0,-48.7,A,2M7D
WLADXGW,-61.2,-48.9,A,2M7D
WLADXGW,-60.8,-48.8,A,2M7D
WLADXGW,-61.8,-48.5,A,2M7D
WLADXGW,-61.1,-48.9,A,2M7D
WLADXGW,-60.6,-49.0,A,2M7D
WLADXGW,-59.6,-49.1,A,2M7D
WLADXGW,-61.2,-48.9,A,2M7D
LADXGWA,-61.7,-41.4,A,2M7C
LADXGWA,-62.1,-39.7,A,2M7C
LADXGWA,-62.0,-43.1,A,2M7C
LADXGWA,-63.7,-44.6,A,2M7C
LADXGWA,-63.9,-42.1,A,2M7C
LADXGWA,-64.0,-42.4,A,2M7C
LADXGWA,-63.1,-43.2,A,2M7C
LADXGWA,-62.8,-43.1,A,2M7C
LADXGWA,-64.6,-43.2,A,2M7C
LADXGWA,-61.3,-42.4,A,2M7C
LADXGWA,-64.8,-42.9,A,2M7C
LADXGWA,-63.5,-44.2,A,2M7C
LADXGWA,-61.5,-43.6,A,2M7C
LADXGWA,-62.3,-44.6,A,2M7C
LADXGWA,-61.2,-42.4,A,2M7C
LADXGWA,-62.4,-42.4,A,2M7C
LADXGWA,-60.7,-43.5,A,2M7C
LADXGWA,-63.1,-44.1,A,2M7C
LADXGWA,-63.3,-44.0,A,2M7C
LADXGWA,-62.4,-41.2,A,2M7C
LADXGWA,-61.2,-42.1,A,2M7C
LADXGWA,-63.1,-46.7,A,2M7C
LADXGWA,-61.8,-42.6,A,2M7C
LADXGWA,-61.8,-42.0,A,2M7C
LADXGWA,-62.5,-43.4,A,2M7C
LADXGWA,-61.7,-42.0,A,2M7C
LADXGWA,-62.0,-43.1,A,2M7C
LADXGWA,-61.0,-41.3,A,2M7C
LADXGWA,-61.0,-42.6,A,2M7C
LADXGWA,-62.2,-41.6,A,2M7C
LADXGWA,-62.2,-45.4,A,2M7C
LADXGWA,-62.6,-42.0,A,2M7C
LADXGWA,-64.2,-36.4,A,2M7D
LADXGWA,-64.4,-36.5,A,2M7D
LADXGWA,-63.3,-36.6,A,2M7D
LADXGWA,-64.4,-36.6,A,2M7D
LADXGWA,-64.8,-36.5,A,2M7D
LADXGWA,-65.4,-36.3,A,2M7D
LADXGWA,-64.2,-36.6,A,2M7D
LADXGWA,-63.7,-36.4,A,2M7D
LADXGWA,-64.3,-36.8,A,2M7D
LADXGWA,-64.3,-36.7,A,2M7D
LADXGWA,-63.9,-36.1,A,2M7D
LADXGWA,-64.2,-36.4,A,2M7D
LADXGWA,-64.3,-36.4,A,2M7D
LADXGWA,-64.6,-35.9,A,2M7D
LADXGWA,-63.7,-36.2,A,2M7D
LADXGWA,-64.7,-36.4,A,2M7D
LADXGWA,-64.9,-36.3,A,2M7D
LADXGWA,-64.4,-36.2,A,2M7D
LADXGWA,-64.3,-36.3,A,2M7D
LADXGWA,-64.6,-37.0,A,2M7D
LADXGWA,-64.5,-36.4,A,2M7D
LADXGWA,-64.6,-36.7,A,2M7D
LADXGWA,-64.6,-36.2,A,2M7D
LADXGWA,-64.9,-36.0,A,2M7D
LADXGWA,-64.0,-36.6,A,2M7D
LADXGWA,-64.9,-37.1,A,2M7D
LADXGWA,-64.6,-36.3,A,2M7D
LADXGWA,-64.5,-36.2,A,2M7D
LADXGWA,-64.3,-36.1,A,2M7D
LADXGWA,-63.8,-36.3,A,2M7D
ADXGWAS,-60.5,-30.8,A,2M7C
ADXGWAS,-57.4,-35.7,A,2M7C
ADXGWAS,-61.8,-33.1,A,2M7C
ADXGWAS,-58.7,-30.2,A,2M7C
ADXGWAS,-58.7,-33.4,A,2M7C
ADXGWAS,-60.2,-31.7,A,2M7C
ADXGWAS,-61.0,-30.3,A,2M7C
ADXGWAS,-60.9,-32.2,A,2M7C
ADXGWAS,-57.6,-31.8,A,2M7C
ADXGWAS,-60.1,-31.3,A,2M7C
ADXGWAS,-59.0,-32.0,A,2M7C
ADXGWAS,-60.2,-30.7,A,2M7C
ADXGWAS,-57.8,-36.6,A,2M7C
ADXGWAS,-59.2,-30.9,A,2M7C
ADXGWAS,-58.9,-32.5,A,2M7C
ADXGWAS,-58.4,-31.9,A,2M7C
ADXGWAS,-62.3,-29.1,A,2M7C
ADXGWAS,-57.4,-31.8,A,2M7C
ADXGWAS,-60.3,-29.9,A,2M7C
ADXGWAS,-60.3,-34.5,A,2M7C
ADXGWAS,-59.1,-32.5,A,2M7C
ADXGWAS,-59.6,-34.4,A,2M7C
ADXGWAS,-59.4,-31.4,A,2M7C
ADXGWAS,-63.2,-28.3,A,2M7C
ADXGWAS,-60.3,-29.6,A,2M7C
ADXGWAS,-60.4,-32.5,A,2M7C
ADXGWAS,-59.7,-30.4,A,2M7C
ADXGWAS,-59.9,-32.5,A,2M7C
ADXGWAS,-60.1,-32.3,A,2M7C
ADXGWAS,-58.6,-35.5,A,2M7C
ADXGWAS,-60.8,-26.9,A,2M7C
ADXGWAS,-58.3,-31.8,A,2M7C
ADXGWAS,-75.7,-18.5,A,2M7D
ADXGWAS,-75.8,-18.2,A,2M7D
ADXGWAS,-73.9,-20.8,A,2M7D
ADXGWAS,-75.2,-18.0,A,2M7D
ADXGWAS,-74.8,-17.7,A,2M7D
ADXGWAS,-76.1,-17.5,A,2M7D
ADXGWAS,-74.7,-18.0,A,2M7D
ADXGWAS,-75.0,-18.7,A,2M7D
ADXGWAS,-75.2,-17.5,A,2M7D
ADXGWAS,-75.9,-17.4,A,2M7D
ADXGWAS,-76.2,-17.4,A,2M7D
ADXGWAS,-75.9,-17.2,A,2M7D
ADXGWAS,-75.7,-18.4,A,2M7D
ADXGWAS,-75.1,-20.2,A,2M7D
ADXGWAS,-74.8,-18.4,A,2M7D
ADXGWAS,-75.0,-18.3,A,2M7D
ADXGWAS,-75.9,-17.6,A,2M7D
ADXGWAS,-74.2,-19.9,A,2M7D
ADXGWAS,-76.8,-17.0,A,2M7D
ADXGWAS,-74.4,-17.6,A,2M7D
ADXGWAS,-74.4,-19.8,A,2M7D
ADXGWAS,-75.3,-17.4,A,2M7D
ADXGWAS,-76.1,-17.7,A,2M7D
ADXGWAS,-75.4,-18.6,A,2M7D
ADXGWAS,-75.4,-18.7,A,2M7D
ADXGWAS,-75.2,-17.5,A,2M7D
ADXGWAS,-76.5,-17.2,A,2M7D
ADXGWAS,-75.8,-18.3,A,2M7D
ADXGWAS,-75.6,-18.6,A,2M7D
ADXGWAS,-74.8,-20.5,A,2M7D
DXGWASX,-87.9,14.9,A,2M7D
DXGWASX,-88.6,15.2,A,2M7D
DXGWASX,-87.0,16.0,A,2M7D
DXGWASX,-89.2,15.9,A,2M7D
DXGWASX,-89.8,16.4,A,2M7D
DXGWASX,-89.9,15.5,A,2M7D
DXGWASX,-89.4,16.3,A,2M7D
DXGWASX,-87.8,15.2,A,2M7D
DXGWASX,-89.4,15.7,A,2M7D
DXGWASX,-89.5,15.2,A,2M7D
DXGWASX,-89.0,15.5,A,2M7D
DXGWASX,-89.6,15.3,A,2M7D
DXGWASX,-88.5,15.2,A,2M7D
DXGWASX,-87.2,15.8,A,2M7D
DXGWASX,-88.8,16.8,A,2M7D
DXGWASX,-89.1,16.0,A,2M7D
DXGWASX,-89.1,15.4,A,2M7D
DXGWASX,-87.7,16.5,A,2M7D
DXGWASX,-89.3,15.6,A,2M7D
DXGWASX,-90.2,16.5,A,2M7D
DXGWASX,-87.6,16.1,A,2M7D
DXGWASX,-90.1,16.4,A,2M7D
DXGWASX,-89.0,15.0,A,2M7D
DXGWASX,-89.1,16.3,A,2M7D
DXGWASX,-87.8,15.1,A,2M7D
DXGWASX,-89.9,15.6,A,2M7D
DXGWASX,-89.0,14.7,A,2M7D
DXGWASX,-88.4,15.2,A,2M7D
DXGWASX,-88.5,15.5,A,2M7D
DXGWASX,-86.3,15.0,A,2M7D
XGWASXR,104.2,-3.3,A,2M7D
XGWASXR,104.1,-4.0,A,2M7D
XGWASXR,103.2,-2.6,A,2M7D
XGWASXR,103.1,-3.5,A,2M7D
XGWASXR,102.2,-3.4,A,2M7D
XGWASXR,103.9,-3.9,A,2M7D
XGWASXR,102.1,-3.2,A,2M7D
XGWASXR,103.9,-3.6,A,2M7D
XGWASXR,102.8,-3.3,A,2M7D
XGWASXR,104.0,-3.4,A,2M7D
XGWASXR,103.2,-3.4,A,2M7D
XGWASXR,104.2,-3.8,A,2M7D
XGWASXR,104.3,-3.6,A,2M7D
XGWASXR,103.3,-3.1,A,2M7D
XGWASXR,102.2,-3.4,A,2M7D
XGWASXR,102.8,-3.4,A,2M7D
XGWASXR,103.2,-3.5,A,2M7D
XGWASXR,102.0,-3.0,A,2M7D
XGWASXR,103.9,-3.4,A,2M7D
XGWASXR,102.4,-3.8,A,2M7D
XGWASXR,102.4,-3.1,A,2M7D
XGWASXR,102.2,-3.9,A,2M7D
XGWASXR,104.0,-3.8,A,2M7D
XGWASXR,102.4,-3.3,A,2M7D
XGWASXR,104.2,-3.5,A,2M7D
XGWASXR,104.1,-4.0,A,2M7D
XGWASXR,103.7,-3.4,A,2M7D
XGWASXR,103.2,-3.2,A,2M7D
XGWASXR,103.7,-3.4,A,2M7D
XGWASXR,103.7,-2.4,A,2M7D
GWASXRP,67.5,-96.8,A,2M7D
GWASXRP,67.6,-96.9,A,2M7D
GWASXRP,67.1,-97.4,A,2M7D
GWASXRP,67.6,-96.7,A,2M7D
GWASXRP,67.3,-96.8,A,2M7D
GWASXRP,67.0,-96.5,A,2M7D
GWASXRP,67.3,-96.9,A,2M7D
GWASXRP,67.2,-97.7,A,2M7D
GWASXRP,67.3,-96.8,A,2M7D
GWASXRP,67.1,-96.6,A,2M7D
GWASXRP,67.4,-97.5,A,2M7D
GWASXRP,67.4,-97.5,A,2M7D
GWASXRP,67.4,-97.1,A,2M7D
GWASXRP,67.5,-96.7,A,2M7D
GWASXRP,67.6,-97.5,A,2M7D
GWASXRP,67.3,-96.8,A,2M7D
GWASXRP,67.4,-96.5,A,2M7D
GWASXRP,67.5,-96.7,A,2M7D
GWASXRP,67.1,-97.3,A,2M7D
GWASXRP,67.5,-97.2,A,2M7D
GWASXRP,67.3,-96.6,A,2M7D
GWASXRP,67.9,-97.0,A,2M7D
GWASXRP,67.2,-96.7,A,2M7D
GWASXRP,67.5,-96.5,A,2M7D
GWASXRP,67.3,-97.4,A,2M7D
GWASXRP,67.0,-97.2,A,2M7D
GWASXRP,67.5,-96.4,A,2M7D
GWASXRP,67.2,-96.3,A,2M7D
GWASXRP,67.4,-97.0,A,2M7D
GWASXRP,67.0,-96.6,A,2M7D
WASXRPP,-97.9,13.0,A,2M7D
WASXRPP,-96.7,8.2,A,2M7D
WASXRPP,-97.4,11.6,A,2M7D
WASXRPP,-97.7,12.2,A,2M7D
WASXRPP,-97.4,10.6,A,2M7D
WASXRPP,-97.0,8.8,A,2M7D
WASXRPP,-96.7,7.1,A,2M7D
WASXRPP,-97.2,10.9,A,2M7D
WASXRPP,-97.4,11.6,A,2M7D
WASXRPP,-97.3,8.5,A,2M7D
WASXRPP,-97.0,8.5,A,2M7D
WASXRPP,-97.5,11.4,A,2M7D
WASXRPP,-97.5,12.0,A,2M7D
WASXRPP,-97.8,13.6,A,2M7D
WASXRPP,-97.5,11.4,A,2M7D
WASXRPP,-97.3,11.8,A,2M7D
WASXRPP,-97.2,11.5,A,2M7D
WASXRPP,-97.0,9.1,A,2M7D
WASXRPP,-97.3,10.5,A,2M7D
WASXRPP,-96.8,11.0,A,2M7D
WASXRPP,-97.3,10.0,A,2M7D
WASXRPP,-96.3,8.2,A,2M7D
WASXRPP,-97.7,10.9,A,2M7D
WASXRPP,-97.4,10.9,A,2M7D
WASXRPP,-97.7,11.4,A,2M7D
WASXRPP,-97.6,11.5,A,2M7D
WASXRPP,-97.6,12.4,A,2M7D
WASXRPP,-97.4,12.0,A,2M7D
WASXRPP,-97.4,11.0,A,2M7D
WASXRPP,-97.5,11.4,A,2M7D
ASXRPPP,-87.8,-32.0,A,2M7D
ASXRPPP,-83.7,-31.8,A,2M7D
ASXRPPP,-87.3,-31.8,A,2M7D
ASXRPPP,-87.1,-31.8,A,2M7D
ASXRPPP,-85.5,-31.5,A,2M7D
ASXRPPP,-84.1,-32.0,A,2M7D
ASXRPPP,-81.8,-32.3,A,2M7D
ASXRPPP,-85.9,-31.7,A,2M7D
ASXRPPP,-86.3,-32.4,A,2M7D
ASXRPPP,-83.4,-31.8,A,2M7D
ASXRPPP,-83.6,-32.2,A,2M7D
ASXRPPP,-86.8,-32.0,A,2M7D
ASXRPPP,-87.0,-32.1,A,2M7D
ASXRPPP,-88.8,-31.5,A,2M7D
ASXRPPP,-86.7,-31.2,A,2M7D
ASXRPPP,-86.9,-31.5,A,2M7D
ASXRPPP,-86.2,-32.4,A,2M7D
ASXRPPP,-84.0,-31.2,A,2M7D
ASXRPPP,-85.4,-32.3,A,2M7D
ASXRPPP,-86.3,-31.9,A,2M7D
ASXRPPP,-85.1,-31.3,A,2M7D
ASXRPPP,-83.4,-32.2,A,2M7D
ASXRPPP,-86.1,-31.3,A,2M7D
ASXRPPP,-85.9,-31.8,A,2M7D
ASXRPPP,-86.6,-31.1,A,2M7D
ASXRPPP,-87.1,-31.3,A,2M7D
ASXRPPP,-87.1,-32.6,A,2M7D
ASXRPPP,-86.9,-32.1,A,2M7D
ASXRPPP,-86.1,-31.9,A,2M7D
ASXRPPP,-86.3,-32.0,A,2M7D
SXRPPPS,-62.9,-29.3,A,2M7D
SXRPPPS,-62.7,-29.9,A,2M7D
SXRPPPS,-62.7,-29.6,A,2M7D
SXRPPPS,-63.3,-29.1,A,2M7D
SXRPPPS,-63.9,-28.8,A,2M7D
SXRPPPS,-62.9,-29.5,A,2M7D
SXRPPPS,-62.5,-29.9,A,2M7D
SXRPPPS,-63.4,-29.1,A,2M7D
SXRPPPS,-62.2,-30.6,A,2M7D
SXRPPPS,-63.1,-29.3,A,2M7D
SXRPPPS,-61.8,-31.0,A,2M7D
SXRPPPS,-62.3,-30.3,A,2M7D
SXRPPPS,-62.5,-29.9,A,2M7D
SXRPPPS,-63.1,-29.6,A,2M7D
SXRPPPS,-63.8,-28.5,A,2M7D
SXRPPPS,-63.6,-28.9,A,2M7D
SXRPPPS,-62.2,-30.0,A,2M7D
SXRPPPS,-63.6,-29.3,A,2M7D
SXRPPPS,-62.0,-30.5,A,2M7D
SXRPPPS,-62.9,-30.1,A,2M7D
SXRPPPS,-63.7,-28.9,A,2M7D
SXRPPPS,-62.7,-30.0,A,2M7D
SXRPPPS,-64.0,-28.3,A,2M7D
SXRPPPS,-63.3,-29.1,A,2M7D
SXRPPPS,-63.7,-28.8,A,2M7D
SXRPPPS,-63.8,-28.8,A,2M7D
SXRPPPS,-61.7,-30.8,A,2M7D
SXRPPPS,-62.4,-30.4,A,2M7D
SXRPPPS,-63.0,-29.3,A,2M7D
SXRPPPS,-61.9,-30.7,A,2M7D
